{
    "lcutilmax": 1734,
    "dc-server": {
        "tdp_threshold": {
            "util": 1710.0,
            "mean": 2351.777777777778,
            "std": 0.9162456945817024,
            "bar": 2349.0290406940326
        },
        "metrics_threshold": []
    },
    "dc-warmup": {
        "tdp_threshold": {},
        "metrics_threshold": []
    },
    "stress": {
        "tdp_threshold": {},
        "metrics_threshold": [
            {
                "util_start": 900,
                "util_end": 950,
                "cpi": 0.5630570815461413,
                "mpki": 0.033493655058992614,
                "mb": 0.0,
                "l2spki": 11.689841318208986,
                "mspki": 24.878751216088556
            }
        ]
    },
    "dc-client": {
        "tdp_threshold": {},
        "metrics_threshold": []
    }
}